target_industry,issue_cluster,issue_detail,related_news_queries,observed_terms,buyer_problem,cs_sharing_connection,content_angle
이커머스/쇼핑몰,교환·반품·환불 문의 증가,뉴스 제목/요약에서 환불·반품·교환·피해 표현이 반복되어 구매 이후 문의가 고객센터 부담으로 이어질 가능성이 보인다.,쇼핑몰 고객 불만; 쇼핑몰 교환 반품 민원; 쇼핑몰 문의 증가; 온라인 쇼핑몰 환불; 이커머스 고객센터,환불(28); 반품(26); 교환(20); 민원(21); 피해(11); 문의(21),쇼핑몰 운영자가 판매와 마케팅을 해야 할 시간에 교환·반품·환불 기준 설명과 감정 응대를 반복 처리하게 된다.,"고객센터 운영 대행, 반복 문의 분류, AI VOC, 환불/반품 상담 스크립트",교환·반품 문의가 늘어난 쇼핑몰이 CS 대행을 검토해야 하는 시점
이커머스/쇼핑몰,배송조회·배송지연 문의 누적,배송 관련 문의와 쇼핑몰 문의 증가 query에서 반복 문의가 운영 병목으로 번질 수 있는 신호가 확인된다.,쇼핑몰 교환 반품 민원; 쇼핑몰 문의 증가; 온라인 쇼핑몰 환불; 이커머스 고객센터,배송(14); 문의(21); 고객센터(17),배송 상태를 확인하는 단순 문의가 쌓이면 정작 취소·환불·불만 고객 대응이 늦어진다.,"배송 문의 1차 응대, FAQ 개선, 주문/배송 문의 태깅",배송조회·환불 문의가 쇼핑몰 CS를 마비시키는 이유와 분류법
이커머스/쇼핑몰,고객센터 미운영·자동응답 전환 리스크,"일부 뉴스 제목/요약에서 고객센터 미운영, 자동 답변, AI 안내 같은 표현이 보여 사람 응대와 자동화의 균형 문제가 드러난다.",쇼핑몰 고객 불만; 온라인 쇼핑몰 환불; 이커머스 고객센터,고객센터(17); 통화(3); 자동(4); 답변(1); AI(18); 불만(18),자동 응답만으로 해결되지 않는 예외 문의가 남아 고객 불만과 후기 리스크로 이어질 수 있다.,"AI 상담 + 상담원 운영, 예외 문의 escalation, 상담 품질 관리",AI 자동답변을 붙인 쇼핑몰에도 상담원이 필요한 이유
렌탈/구독/AS,AS 지연·수리비 불만,"렌탈/AS 관련 뉴스 제목/요약에서 늑장 AS, 수리비, 품질 민원이 반복되어 사후관리 부담이 크다는 신호가 있다.",구독 서비스 해지 문의; 렌탈 AS; 렌탈 고객 불만; 렌탈 고객센터; 정수기 AS 민원,AS(44); 수리(10); 수리비(1); 민원(30); 불만(12); 품질(5),AS 접수 이후 일정 안내와 보상 기준 설명이 늦어지면 고객 불만이 커지고 상담 난도가 올라간다.,"AS 접수 대행, 일정 안내, 불만 VOC 분류, 보상 기준 상담",렌탈·구독 서비스 AS 접수와 해지 문의가 늘 때 고객센터를 정비하는 법
렌탈/구독/AS,구독 해지·취약고객 보호 이슈,"구독경제와 소비자 보호, 해지 문의 query에서 가입 이후 해지/변경 상담의 민감성이 보인다.",구독 서비스 해지 문의; 렌탈 AS; 렌탈 고객 불만; 렌탈 고객센터; 정수기 AS 민원,구독(29); 해지(22); 취약(1); 보호(1); 문의(19); 소비자(21),해지 상담이 매뉴얼 없이 처리되면 고객 이탈 방어와 소비자 보호 리스크가 동시에 발생한다.,"해지 문의 응대, 해지 사유 VOC, 상담 스크립트 개선",구독 해지 문의를 VOC로 분석해 이탈을 줄이는 방법
렌탈/구독/AS,고객센터 접점 품질 관리,"렌탈 고객센터 query에서 콜센터 품질과 고객 접점 관련 뉴스가 섞여, 단순 접수보다 상담 품질 관리가 중요해 보인다.",구독 서비스 해지 문의; 렌탈 AS; 렌탈 고객 불만; 렌탈 고객센터; 정수기 AS 민원,고객센터(22); 상담(8); 품질(5); 고객(48),접수량이 늘 때 상담 품질 기준이 없으면 처리 속도는 빨라져도 불만은 줄지 않는다.,"상담 QA, 상담 이력 관리, VOC 리포트",설치·수리 일정 문의를 놓치지 않는 AS 상담 프로세스
병원/헬스케어,예약·상담 문의 집중,병원 예약 문의 증가와 피부과 상담 문의 query에서 예약·상담 수요가 특정 시간대에 몰릴 가능성을 볼 수 있다.,병원 고객센터; 병원 예약 문의 증가; 피부과 상담 문의; 헬스케어 고객 불만,예약(25); 상담(35); 문의(37); 도입(1); 수요(6); 고객(38),원무/상담 인력이 진료 현장 업무와 전화·채팅 문의를 동시에 처리하면서 응대 누락이 생긴다.,"예약 문의 1차 응대, 상담 분류, 콜백 관리, 상담 품질 관리",예약·시술 문의가 몰리는 병원 CS센터 운영법
병원/헬스케어,민원·불만 응대 품질,"병원 민원과 헬스케어 고객 불만 query에서 상담 품질, 설명 책임, 불만 응대 소재가 반복된다.",병원 고객센터; 병원 민원; 병원 예약 문의 증가; 피부과 상담 문의; 헬스케어 고객 불만,민원(20); 불만(17); 고객(38); 상담(35); 요금(6); 피해(2),의료 서비스 특성상 불만 응대가 늦거나 표현이 부정확하면 신뢰 하락과 리뷰 리스크로 이어진다.,"민원 응대 매뉴얼, 상담 QA, VOC 리포트",병원 민원 응대에서 상담 품질을 유지하는 기준
병원/헬스케어,AI 기반 고객경험 솔루션 관심,"병원 고객센터 query에는 AI 기반 고객 경험 솔루션 관련 뉴스도 섞여, 병원 CS도 자동화와 사람 운영의 균형이 이슈가 될 수 있다.",병원 고객센터; 병원 예약 문의 증가; 피부과 상담 문의; 헬스케어 고객 불만,AI(8); 고객 경험(1); 솔루션(4); 고객센터(9); 상담(35),"AI 도입만으로 예약 변경, 시술 전후 문의, 민감 불만까지 처리하기 어렵다.","AI 상담 보조, 예외 문의 상담원 연결, 상담 데이터 분석",AI 상담을 도입한 병원도 상담 품질 관리가 필요한 이유
제조/유통,제품 AS 지연·수리비 갈등,"제품 AS 민원 query에서 냉장고, 보일러, 로봇청소기 등 제품 AS 지연과 수리비 갈등 소재가 나타난다.",A/S 고객 불만; 제조 고객센터; 제품 AS 민원,AS(19); A/S(17); 수리(9); 수리비(2); 민원(25); 보상(1),AS 접수와 진행 안내가 늦으면 제품 품질 이슈가 고객센터 불만으로 확대된다.,"AS 접수, 진행 상태 안내, 보상 기준 상담, VOC 분류",제품 문의와 AS 상담이 늘어난 제조사가 고객센터를 정비하는 기준
제조/유통,교환·환불·품질 민원 집중,홈쇼핑/유통 관련 뉴스 제목·요약에서 교환·환불과 품질 민원이 함께 나타난다.,A/S 고객 불만; 유통 환불; 제조 고객센터; 제품 AS 민원; 제품 문의 증가,교환(2); 환불(21); 품질(4); 민원(25); 보상(1); 제품(43),판매 채널과 제조사가 나뉘어 있을수록 고객은 어디에 문의해야 할지 몰라 반복 연락을 하게 된다.,"문의 라우팅, 반복 문의 분류, FAQ·상담 스크립트 개선",유통사 환불·제품 문의를 반복 유형별로 줄이는 방법
제조/유통,제품 문의 증가와 보증 안내,"제품 문의 증가와 제조 고객센터 query에서 보증, 설치, 장애, 제품 안내성 문의가 고객 접점으로 이어질 수 있다.",A/S 고객 불만; 유통 환불; 제조 고객센터; 제품 AS 민원; 제품 문의 증가,문의(18); 보증(2); 제품(43); 고객센터(13); 설치(2); 장애(1),제품 스펙·보증·설치 문의가 흩어지면 영업/AS/CS가 같은 질문을 반복 처리한다.,"제품 문의 1차 응대, FAQ 구축, 문의 유형 리포트",제품 문의 데이터를 VOC로 바꿔 품질 개선에 쓰는 법
금융/보험,콜센터 품질·상담 지원 고도화,"보험 고객센터 query에서 우수콜센터, AI 음성봇, KMS, VOC 활용 등 상담 지원 체계 고도화 신호가 반복된다.",금융 고객 불만; 금융 민원; 보험 고객센터; 보험 해지 문의; 카드 고객센터 문의,고객센터(32); 상담(14); 품질(6); AI(14); VOC(3),상담 품질을 유지하지 못하면 금융 상품 설명과 민원 대응에서 신뢰 리스크가 커진다.,"상담 QA, KMS/스크립트 정비, 민원 VOC 분석",보험·금융 인바운드 상담에서 민원 리스크를 줄이는 운영법
금융/보험,금융 민원·광고/안내 리스크,"금융 민원 query에서 광고 적정성, 안내 부족, 투자자 민원 같은 리스크 신호가 보인다.",금융 고객 불만; 금융 민원; 보험 고객센터; 보험 해지 문의; 카드 고객센터 문의,민원(22); 광고(3); 고객 불만(9); 피해(6); 금감원(13); 안내(1),고객 안내와 상담 기록이 부실하면 민원이 상담팀 문제가 아니라 준법/브랜드 리스크로 번진다.,"상담 이력 관리, 민원 대응 스크립트, VOC 리포트",금융 CS 외주화 전 확인해야 할 보안·품질 체크리스트
금융/보험,해지·보장 문의 상담 난도,보험 해지 문의 query는 해지·보장·상담 난도가 높은 문의가 고객센터에 집중될 수 있음을 보여준다.,금융 민원; 보험 고객센터; 보험 해지 문의; 카드 고객센터 문의,해지(20); 보장(5); 문의(38); 상담(14); 보험(72); 고객센터(32),해지 사유와 보장 문의를 제대로 분류하지 못하면 고객 이탈과 불완전 안내 리스크가 동시에 생긴다.,"해지 사유 VOC, 상담 분류, QA 모니터링",보험 해지 문의를 VOC로 분류해 상담 품질을 높이는 법
통신,요금·해지 문의 반복,통신 요금 민원과 해지 문의 query에서 반복 상담과 불만 응대 소재가 확인된다.,인터넷 장애 문의; 통신 고객 불만; 통신 고객센터; 통신 요금 민원; 통신 해지 문의,요금(24); 해지(18); 민원(30); 문의(30); 상담(11); 고객센터(18),요금제와 해지 조건 설명이 복잡할수록 상담 시간이 길어지고 민원 리스크가 커진다.,"상담 스크립트, 문의 유형 분류, 민원 VOC",통신 해지·요금·장애 문의가 많은 고객센터의 운영 개선법
통신,인터넷 장애·이용자 보호,인터넷 장애 문의와 고객 불만 query에서 서비스 장애와 이용자 보호 이슈가 고객 응대로 이어질 가능성이 있다.,인터넷 장애 문의; 통신 고객 불만; 통신 고객센터; 통신 요금 민원; 통신 해지 문의,장애(16); 이용자 보호(5); 불만(9); 문의(30); 고객(53); 서비스(15),장애 발생 시 안내 지연과 보상 기준 설명 부족이 고객 불만을 키운다.,"장애 문의 1차 응대, 공지/FAQ 운영, 보상 문의 분류",설치·장애 문의를 줄이는 상담 분류와 VOC 관리
통신,AI 음성상담 확대와 사람 상담 품질,통신 고객센터 query에서 AI 음성상담과 고객 만족도 평가가 함께 나타나 자동화 이후 품질 관리가 중요해 보인다.,인터넷 장애 문의; 통신 고객 불만; 통신 고객센터; 통신 요금 민원; 통신 해지 문의,AI(17); 음성상담(1); 고객센터(18); 만족도(4); 품질(2); 상담(11),AI 상담이 늘어도 복잡한 요금·해지·장애 문의는 사람 상담의 품질 기준이 필요하다.,"AI 상담 보완, 상담 QA, 예외 문의 라우팅",AI 음성상담을 도입한 고객센터가 상담 품질을 지키는 기준
외식/서비스,프랜차이즈 고객 불만·사과 대응,"프랜차이즈 고객 불만 query에서 매장 응대, 사과, 브랜드 리스크로 이어지는 소재가 보인다.",서비스 민원; 예약 문의 증가; 외식 환불; 프랜차이즈 고객 불만; 호텔 고객센터,불만(16); 사과(1); 가맹점(3); 고객(46); 민원(23); 브랜드(11),가맹점 단위 응대가 본사 브랜드 평판 문제로 커질 수 있다.,"본사 민원 접수, 매장별 VOC 리포트, 응대 매뉴얼",프랜차이즈 고객 불만이 늘 때 본사 고객센터가 해야 할 일
외식/서비스,환불 기준 차이와 고객 혼란,외식/프랜차이즈 뉴스 제목·요약에서 브랜드별 환불 기준 차이와 고객 불만 소재가 확인된다.,서비스 민원; 예약 문의 증가; 외식 환불; 프랜차이즈 고객 불만; 호텔 고객센터,환불(18); 브랜드(11); 고객(46); 불만(16); 문의(16),환불 정책이 매장마다 다르게 안내되면 고객은 본사 고객센터로 반복 문의한다.,"환불 기준 스크립트, FAQ, 본사 고객센터 운영 대행",프랜차이즈 환불 문의를 줄이는 본사 CS 운영법
외식/서비스,예약 변경·취소 문의,예약 문의 증가와 호텔 고객센터 query는 예약 변경·취소 문의가 서비스업 CS의 반복 업무가 될 수 있음을 보여준다.,서비스 민원; 예약 문의 증가; 외식 환불; 프랜차이즈 고객 불만; 호텔 고객센터,예약(14); 취소(3); 변경(1); 문의(16); 호텔(16); 고객센터(13),예약 문의가 몰리면 현장 운영자가 응대와 현장 서비스를 동시에 처리해야 한다.,"예약 문의 1차 응대, 변경/취소 FAQ, 콜백 관리",예약 변경·취소 문의가 몰리는 서비스업 CS 운영법
